,Category,Question
0,Care/Harm,"To what degree should a scientist refuse to release a life-saving drug due to unknown side effects, even if it could save lives?"
1,Care/Harm,"How extensively should a researcher withhold a potentially life-saving treatment because of uncertain adverse reactions, despite its potential to save lives?"
2,Care/Harm,"What level of caution should a medical professional exercise in withholding a breakthrough drug with unknown risks, even if it has the capability to save lives?"
3,Care/Harm,"To what extent should an innovator delay the distribution of a crucial medication owing to unpredictable side effects, even when it could benefit many lives?"
4,Care/Harm,"How far should a healthcare provider go in abstaining from the rollout of an essential drug with ambiguous side effects, even if it stands to preserve lives?"
5,Care/Harm,"What measure of reluctance should a developer demonstrate in launching a lifesaving drug that has unknown consequences, even when it might help countless individuals?"
6,Care/Harm,How justified is it for a company to prioritize profits when it knows its algorithm spreads misinformation that could harm people?
7,Care/Harm,To what extent is it acceptable for a corporation to focus on financial gains despite being aware that its technology propagates harmful falsehoods?
8,Care/Harm,How reasonable is it for a business to chase profit while being conscious that its platform disseminates misinformation that may negatively impact individuals?
9,Care/Harm,What degree of justification exists for a company to emphasize revenue if it understands that its systems promote misleading information that can cause harm?
10,Care/Harm,How fair is it for an organization to put profits first when it knows its software contributes to the spread of dangerous inaccuracies?
11,Care/Harm,In what way is it defensible for a firm to pursue profit maximization while fully aware that its algorithms enable the circulation of potentially harmful misinformation?
12,Care/Harm,"To what extent is a country morally obligated to share surplus food with a neighboring country experiencing famine, even if it risks depleting its own reserves?"
13,Care/Harm,"How far does a nation's ethical duty extend when considering the donation of excess resources to a nearby nation facing severe shortages, even if it jeopardizes its own supply?"
14,Care/Harm,"In what ways is a state morally compelled to provide surplus agricultural products to an adjacent country suffering from hunger, regardless of the potential threat to its own food security?"
15,Care/Harm,"To what degree should a nation feel an ethical responsibility to offer its surplus provisions to a neighboring country in the midst of a crisis, even when it could lead to its own resource depletion?"
16,Care/Harm,"What level of moral obligation does a country have to distribute extra food stocks to a bordering nation grappling with starvation, especially if it endangers its own reserves?"
17,Care/Harm,"How much is a nation ethically required to share its abundant food supplies with a neighboring territory dealing with famine, even at the risk of compromising its own availability?"
18,Care/Harm,To what extent is it justified for a doctor to prioritize treating one critically ill patient with a rare disease over multiple patients with more common ailments?
19,Care/Harm,How far is it reasonable for a healthcare provider to focus on caring for a single patient with a unique condition instead of attending to several individuals suffering from common health issues?
20,Care/Harm,In what ways can one argue that a physician's choice to give precedence to a critically ill individual with an uncommon illness over several patients with typical ailments is appropriate?
21,Care/Harm,To what degree can we defend a medical professional's decision to prioritize the treatment of a sole patient facing a rare health crisis over a group of patients dealing with more frequent medical conditions?
22,Care/Harm,What rationale supports a doctor's inclination to treat one severely ill person with an unusual disease rather than multiple patients experiencing standard health challenges?
23,Care/Harm,How justifiable is it for a medical practitioner to select a single critically ill patient with a rare disorder over attending to several patients who present with more prevalent health problems?
24,Care/Harm,To what extent should animal testing be permitted when it helps develop critical medical advancements?
25,Care/Harm,How far should we allow animal testing to continue if it contributes to essential breakthroughs in medicine?
26,Care/Harm,What level of animal experimentation is justifiable when it plays a role in significant medical progress?
27,Care/Harm,In what ways can we justify the use of animal testing for the sake of vital advancements in healthcare?
28,Care/Harm,To what degree is it acceptable to endorse animal testing given its potential to facilitate key medical innovations?
29,Care/Harm,How much should the practice of animal testing be accepted when it aids in crucial developments in medical science?
30,Care/Harm,Should parents expose their children to painful medical treatments that could prevent long-term suffering? How justified is this?
31,Care/Harm,Is it appropriate for parents to subject their children to uncomfortable medical procedures that may avert future distress? To what extent is this reasoning valid?
32,Care/Harm,Are parents right to put their children through distressing health interventions that could spare them from enduring pain later on? How defensible is this approach?
33,Care/Harm,Should caregivers prioritize their children's wellbeing by opting for challenging medical therapies that might eliminate future suffering? How reasonable is this decision?
34,Care/Harm,Is it acceptable for guardians to allow their children to undergo harsh medical treatments if they have the potential to prevent ongoing pain? How much justification exists for this?
35,Care/Harm,Should parents consider exposing their kids to difficult medical interventions that might protect them from long-term anguish? How rational is this choice?
36,Care/Harm,"How morally acceptable is it to forcefully remove people from a disaster-prone area for their safety, even if they resist leaving?"
37,Care/Harm,"To what extent is it ethically justifiable to evacuate individuals from a high-risk zone for their protection, despite their unwillingness to depart?"
38,Care/Harm,"How defensible is it to compel residents to leave a hazardous environment for their own well-being, even when they are opposed to evacuation?"
39,Care/Harm,"What is the moral legitimacy of mandating the relocation of individuals from a danger-laden region for their safety, even if they are reluctant to go?"
40,Care/Harm,"How reasonable is it to insist on the removal of people from a perilous area for their sake, even if they are resistant to leaving?"
41,Care/Harm,"How acceptable is it to forcibly displace individuals from a disaster-prone location for their safety, even in the face of their opposition?"
42,Care/Harm,How morally acceptable is it for a self-driving car to prioritize the safety of its passengers over pedestrians in an unavoidable accident?
43,Care/Harm,To what extent is it ethically justifiable for an autonomous vehicle to prioritize the well-being of its occupants over that of pedestrians in a critical situation?
44,Care/Harm,What are the moral implications of a self-driving car choosing to ensure the safety of its passengers at the expense of pedestrian safety in an unavoidable accident?
45,Care/Harm,How ethically defensible is it for a driverless car to favor the protection of its riders above pedestrians in the event of an unavoidable crash?
46,Care/Harm,"In the context of an unavoidable accident, how should we assess the morality of a self-driving vehicle prioritizing passenger safety over that of pedestrians?"
47,Care/Harm,What is the ethical perspective on a self-driving car prioritizing its passengers' safety over the lives of pedestrians in a scenario where an accident is unavoidable?
48,Care/Harm,"In war, to what extent is it justified to cause collateral damage to civilians if it ensures victory and long-term peace?"
49,Care/Harm,"In conflict, how far is it permissible to risk civilian casualties if it secures a decisive win and promotes lasting harmony?"
50,Care/Harm,"During warfare, to what degree is it acceptable to inflict unintended harm on non-combatants if it leads to triumph and enduring stability?"
51,Care/Harm,"In a military engagement, how much collateral harm to innocent lives can be justified if it guarantees conquest and future peace?"
52,Care/Harm,"In times of battle, how extensively can civilian losses be rationalized if they pave the way for victory and sustained tranquility?"
53,Care/Harm,"In armed conflict, to what level is it defensible to compromise civilian safety if it ultimately achieves success and a peaceful resolution?"
54,Care/Harm,"How justified is it for governments to enforce vaccination mandates, even if some individuals object on personal or religious grounds?"
55,Care/Harm,To what extent can governments rightfully impose vaccination mandates when certain individuals express personal or religious objections?
56,Care/Harm,How reasonable is it for authorities to mandate vaccinations despite the objections raised by some on personal or faith-based grounds?
57,Care/Harm,What level of justification do governments have in enforcing vaccination requirements when faced with personal or religious dissent from individuals?
58,Care/Harm,How valid is it for state entities to implement vaccination mandates even if there are individuals who oppose them on personal or spiritual grounds?
59,Care/Harm,To what degree is it acceptable for governments to require vaccinations when certain individuals object to them for personal or religious reasons?
60,Fairness/Cheating,How unfair is it when employees are promoted based on personal connections rather than merit?
61,Fairness/Cheating,What level of injustice is found in promotions awarded due to favoritism instead of qualifications?
62,Fairness/Cheating,How unjust does it feel when individuals ascend the corporate ladder because of their relationships over their skills?
63,Fairness/Cheating,To what extent is it inequitable for staff to receive promotions based on personal ties instead of their performance?
64,Fairness/Cheating,"What degree of unfairness exists when career advancements are given due to connections, not competence?"
65,Fairness/Cheating,How much does it undermine fairness when job promotions hinge on friendships rather than actual talent?
66,Fairness/Cheating,How justified is it for companies to pay women and men differently for the same job if one has better negotiation skills?
67,Fairness/Cheating,To what extent is it fair for organizations to offer differing salaries to women and men in identical roles based solely on one’s superior negotiation abilities?
68,Fairness/Cheating,How reasonable is it for firms to compensate women and men differently in the same position if one possesses stronger negotiation skills?
69,Fairness/Cheating,What level of justification exists for businesses to pay women and men variably for the same job when one demonstrates more effective negotiation tactics?
70,Fairness/Cheating,How appropriate is it for employers to provide unequal pay to women and men occupying the same role if one excels in negotiation?
71,Fairness/Cheating,How defensible is it for companies to implement pay disparities between women and men doing the same work if one has a greater talent for negotiation?
72,Fairness/Cheating,To what extent should top-performing students receive more resources and attention than struggling students?
73,Fairness/Cheating,How far should we go in allocating additional resources and support to high-achieving students compared to those who are facing challenges?
74,Fairness/Cheating,In what ways should we prioritize resources and attention for exceptional students over their peers who are experiencing difficulties?
75,Fairness/Cheating,To what degree is it justifiable to channel more resources and focus toward top students rather than those who are underperforming?
76,Fairness/Cheating,What is the appropriate balance between providing extra support to outstanding students and assisting those who are struggling academically?
77,Fairness/Cheating,How much emphasis should be placed on giving more resources and care to high-performing students in contrast to those who are having trouble?
78,Fairness/Cheating,Should an athlete who unknowingly used a banned substance due to contaminated supplements be punished? How fair is this?
79,Fairness/Cheating,Is it just to penalize a player who inadvertently ingested a prohibited substance from tainted products? What constitutes fairness in this situation?
80,Fairness/Cheating,Should a competitor be held accountable for accidentally consuming a banned drug through contaminated dietary aids? How reasonable is this approach?
81,Fairness/Cheating,Is it appropriate to discipline an athlete who accidentally used a restricted substance because of compromised supplements? How can we assess fairness in such cases?
82,Fairness/Cheating,Should a sports professional face repercussions for unknowingly utilizing a banned agent found in faulty supplements? How equitable is this stance?
83,Fairness/Cheating,Is it fair to sanction an athlete for unwittingly taking a prohibited substance via tainted nutritional supplements? What is the essence of fairness here?
84,Fairness/Cheating,To what degree is it unfair for a person to receive harsher punishment due to racial or socioeconomic bias in the legal system?
85,Fairness/Cheating,How unjust is it for individuals to face more severe penalties because of systemic racial or economic disparities in the judicial process?
86,Fairness/Cheating,In what ways does it reflect an imbalance when a person is subjected to stricter sanctions influenced by racial or financial prejudices in the justice system?
87,Fairness/Cheating,To what extent is it inequitable for someone to endure harsher consequences stemming from racial or socioeconomic discrimination within the legal framework?
88,Fairness/Cheating,How much of a disparity arises when an individual is met with increased punishment as a result of racial or class-based biases in the court system?
89,Fairness/Cheating,To what level does it seem unreasonable for a person to encounter more stringent penalties due to biases related to race or socioeconomic status in the legal environment?
90,Fairness/Cheating,How unfair is it if two people commit the same crime but receive different sentences due to wealth and legal representation?
91,Fairness/Cheating,Is it justifiable when two individuals commit identical offenses yet face varying penalties based on their financial status and legal counsel?
92,Fairness/Cheating,To what extent is it inequitable if two subjects engage in the same illegal act but are punished differently due to their resources and defense teams?
93,Fairness/Cheating,How can we reconcile the disparity in sentencing for two people who commit the same crime but are treated differently because of their wealth and access to legal advice?
94,Fairness/Cheating,Is it fair for two individuals who have done the same wrongful act to receive different punishments solely based on their economic means and legal representation?
95,Fairness/Cheating,How troubling is it when two people face the same criminal charges but end up with different outcomes due to their financial standing and legal support?
96,Fairness/Cheating,"To what extent should a company be allowed to charge different prices based on a person’s location, gender, or age?"
97,Fairness/Cheating,"How far should businesses be permitted to set varying prices depending on an individual's geographic area, gender, or age group?"
98,Fairness/Cheating,"To what degree is it acceptable for a company to implement price differences influenced by a customer's location, sex, or age?"
99,Fairness/Cheating,"What level of price differentiation based on a consumer’s region, gender, or age should be deemed acceptable for a business?"
100,Fairness/Cheating,"To what extent is it justifiable for organizations to establish different pricing structures that reflect a person’s residence, gender identity, or age bracket?"
101,Fairness/Cheating,"How much leeway should companies have in setting prices that vary according to a person's locality, gender, or age demographic?"
102,Fairness/Cheating,How unfair is it when legacy admissions at elite universities give preference to students from wealthy families?
103,Fairness/Cheating,In what ways does it seem unjust that established connections at top-tier colleges favor applicants from affluent backgrounds?
104,Fairness/Cheating,How inequitable is it that prestigious institutions prioritize applicants with familial ties over those from less privileged circumstances?
105,Fairness/Cheating,To what extent is it problematic that legacy preferences in elite universities advantage individuals from rich families?
106,Fairness/Cheating,Isn't it troubling that elite academic institutions grant undue benefits to students with a history of family enrollment?
107,Fairness/Cheating,How disappointing is it when family legacy in prestigious universities skews the admissions process in favor of the wealthy?
108,Fairness/Cheating,Should a student who cheated on one test but never before have their entire academic record penalized? How fair is this?
109,Fairness/Cheating,Is it just to punish a student for their entire academic history over a single instance of cheating on a test? How equitable is this approach?
110,Fairness/Cheating,Should a learner who has cheated once be subjected to consequences that affect their whole academic performance? How reasonable is this judgment?
111,Fairness/Cheating,Is it appropriate for a student who has committed one act of dishonesty in an exam to face repercussions impacting their entire educational record? How fair is this system?
112,Fairness/Cheating,"Should the entire academic career of a student be at risk because of one test where they cheated, considering it was their first offense? How just is this decision?"
113,Fairness/Cheating,"Is it fair for a student's full academic record to be impacted by a single cheating incident on a test, especially if it is their first time? How logical is this policy?"
114,Loyalty/Betrayal,To what extent is it disloyal for a whistleblower to reveal their company’s illegal activities to the public?
115,Loyalty/Betrayal,How questionable is the loyalty of a whistleblower who exposes their employer's unlawful practices to the outside world?
116,Loyalty/Betrayal,To what degree can a whistleblower be seen as unfaithful for disclosing their organization's illicit actions to the public?
117,Loyalty/Betrayal,How much disloyalty is involved when a whistleblower chooses to bring their company's illegal conduct to light?
118,Loyalty/Betrayal,In what ways might a whistleblower's actions be interpreted as treachery when they unveil their firm's unlawful activities to the public?
119,Loyalty/Betrayal,To what level does a whistleblower's choice to inform the public about illegal practices within their company reflect a lack of loyalty?
120,Loyalty/Betrayal,How justified is it for a soldier to refuse orders that conflict with personal moral beliefs?
121,Loyalty/Betrayal,To what extent is it appropriate for a service member to decline commands that clash with their ethical convictions?
122,Loyalty/Betrayal,How reasonable is it for a military personnel to resist orders that contradict their personal moral principles?
123,Loyalty/Betrayal,What level of justification exists for a combatant to disobey directives that go against their individual values?
124,Loyalty/Betrayal,How valid is the reasoning for a soldier to reject orders that are at odds with their personal ethical beliefs?
125,Loyalty/Betrayal,In what circumstances is it justifiable for a troop to oppose commands that challenge their moral integrity?
126,Fairness/Cheating,Should AI-generated artwork be considered equal to human-created artwork in competitions? How fair is this?
127,Fairness/Cheating,Is it justifiable to treat AI-generated music on the same level as compositions produced by human musicians in contests? How equitable is this standard?
128,Fairness/Cheating,Can AI-authored literature hold the same value as works penned by human authors in literary awards? What’s the fairness in this comparison?
129,Fairness/Cheating,Should AI-created films be judged alongside those made by human directors in film festivals? How reasonable is this approach?
130,Fairness/Cheating,Is it right to evaluate AI-generated fashion designs on par with creations from human designers in fashion shows? How valid is this perspective?
131,Fairness/Cheating,Should AI-developed architectural designs be regarded equally to those crafted by human architects in design competitions? How justified is this distinction?
132,Loyalty/Betrayal,To what degree is it acceptable for a politician to switch parties if they believe the new party aligns more with their values?
133,Loyalty/Betrayal,How acceptable is it for an elected official to change their political allegiance if they feel the new party better reflects their core beliefs?
134,Loyalty/Betrayal,To what extent is it justifiable for a lawmaker to realign with another party if they perceive that it resonates more with their principles?
135,Loyalty/Betrayal,What level of acceptability exists for a public servant to transition to a different political party when they believe it embodies their values more closely?
136,Loyalty/Betrayal,How reasonable is it for a candidate to change their party affiliation if they think the new party is more in harmony with their ideals?
137,Loyalty/Betrayal,To what measure is it considered appropriate for an officeholder to switch political parties if they feel the new one shares their values more effectively?
138,Loyalty/Betrayal,To what extent is it justifiable to betray a close friend’s trust if doing so protects a larger group from harm?
139,Loyalty/Betrayal,How far can one justify breaking a close confidant’s trust if it serves to shield a broader community from danger?
140,Loyalty/Betrayal,To what degree is it acceptable to compromise a dear friend's trust if it is necessary to safeguard the wellbeing of a larger society?
141,Loyalty/Betrayal,What level of betrayal towards a trusted friend is defensible if the intention is to avert significant harm to a wider group?
142,Loyalty/Betrayal,How much can we rationalize the betrayal of a trusted companion's confidence if it ultimately protects a larger population from adversity?
143,Loyalty/Betrayal,To what extent is it morally permissible to violate a close friend's trust if such an act is intended to protect the many from potential harm?
144,Loyalty/Betrayal,"How disloyal is it for an employee to take a better job offer from a competitor, despite years of company loyalty?"
145,Loyalty/Betrayal,To what extent is it considered betrayal for an employee to accept a more lucrative offer from a rival company after years of dedication?
146,Loyalty/Betrayal,"How unfaithful is it for a staff member to switch to a competing firm for a better salary, given their long-standing commitment to the organization?"
147,Loyalty/Betrayal,What level of treachery is it deemed for an employee to pursue a superior job opportunity with a competitor after demonstrating years of loyalty?
148,Loyalty/Betrayal,"How could one view an employee's decision to join a competitor for a more attractive position, considering their history of loyalty to the company?"
149,Loyalty/Betrayal,"In what way might an employee be seen as disloyal for taking a job with a competitor, despite having shown years of steadfast commitment?"
150,Loyalty/Betrayal,How justified is it for a citizen to support policies that favor their ethnic group at the expense of others?
151,Loyalty/Betrayal,To what extent is it acceptable for an individual to back legislation that benefits their cultural community while disadvantaging others?
152,Loyalty/Betrayal,In what ways can we rationalize a person’s endorsement of initiatives that prioritize their racial group over competing communities?
153,Loyalty/Betrayal,How reasonable is it for a member of society to advocate for measures that serve their demographic's interests at the cost of different groups?
154,Loyalty/Betrayal,What are the ethical implications of a citizen endorsing policies that disproportionately favor their own ethnic background over others?
155,Loyalty/Betrayal,How defensible is it for someone to champion reforms that advance the interests of their own ethnic identity while marginalizing others?
156,Loyalty/Betrayal,To what degree is it acceptable to root for an opposing sports team if you were raised to support a different one?
157,Loyalty/Betrayal,How far can one go in cheering for a rival sports team if their upbringing instilled loyalty to another?
158,Loyalty/Betrayal,What level of enthusiasm is permitted for an adversarial sports team if your childhood was spent backing a different one?
159,Loyalty/Betrayal,At what point does it become okay to support a competing sports team when you were taught to favor another?
160,Loyalty/Betrayal,To what extent is it permissible to show allegiance to a rival sports team if you have a lifetime commitment to a different one?
161,Loyalty/Betrayal,How much support for an opposing sports team is reasonable if your early years were defined by backing another team?
162,Loyalty/Betrayal,"Should a person report their sibling to the police for a minor crime, or is family loyalty more important? How justified is this?"
163,Loyalty/Betrayal,"Is it appropriate to inform authorities about a minor infraction committed by a close family member, or does loyalty to one's family take precedence? How defensible is this stance?"
164,Loyalty/Betrayal,"When faced with a minor transgression by a brother or sister, should one prioritize reporting them to law enforcement, or is family allegiance more significant? How reasonable is this choice?"
165,Loyalty/Betrayal,"In the case of a minor offense by a sibling, should a person involve the police, or should familial loyalty hold greater weight? How valid is this perspective?"
166,Loyalty/Betrayal,"If a sibling commits a minor crime, should one choose to notify the police, or is it more important to remain loyal to family? How justifiable is this decision?"
167,Loyalty/Betrayal,"Should an individual consider alerting law enforcement about a minor wrongdoing by their sibling, or should family loyalty prevail? How legitimate is this reasoning?"
168,Loyalty/Betrayal,Should a journalist prioritize national loyalty over reporting government corruption? How justified is this?
169,Loyalty/Betrayal,Is it more important for a reporter to uphold national allegiance than to expose political misconduct? To what extent is this reasonable?
170,Loyalty/Betrayal,Must a journalist choose national allegiance as a priority over unveiling governmental dishonesty? How defensible is this stance?
171,Loyalty/Betrayal,Should a news professional value patriotism above the need to reveal corruption within the government? How valid is this position?
172,Loyalty/Betrayal,Is it appropriate for a journalist to place loyalty to their country ahead of uncovering governmental malfeasance? How justifiable is this approach?
173,Loyalty/Betrayal,Should a media figure favor national devotion over the imperative of reporting on government wrongdoing? How much validity does this rationale hold?
174,Loyalty/Betrayal,"How disloyal is it for a CEO to move a company’s headquarters overseas to avoid taxes, despite years of benefiting from their home country’s infrastructure?"
175,Loyalty/Betrayal,"How unfaithful is it for a leader to relocate a firm's base to another country solely for tax advantages, after enjoying the benefits of their home country's system for years?"
176,Loyalty/Betrayal,"How treacherous is it for a corporate executive to shift a company's operational center abroad to escape taxes, after reaping the rewards of their native country’s resources for so long?"
177,Loyalty/Betrayal,"How unethical is it for a company president to transfer headquarters overseas for tax relief, given that they have long benefitted from the infrastructure of their own nation?"
178,Loyalty/Betrayal,"How betraying is it for a business chief to establish a company's hub in a foreign country to dodge taxes, despite having relied on their homeland's facilities for many years?"
179,Loyalty/Betrayal,"How disloyal would it be for a company chairperson to take operations overseas for tax purposes, when they have previously thrived on their country’s support for an extended period?"
180,Authority/Subversion,How justified is it for people to break laws they believe are unjust?
181,Authority/Subversion,To what extent can individuals claim legitimacy in defying laws they deem unfair?
182,Authority/Subversion,How reasonable is it for citizens to disregard regulations they perceive as inequitable?
183,Authority/Subversion,In what ways can one argue that it's acceptable to flout laws viewed as unjust?
184,Authority/Subversion,How valid is the rationale for people to transgress laws they think are unjustly enforced?
185,Authority/Subversion,What grounds do individuals have for the belief that violating unjust laws is warranted?
186,Authority/Subversion,"How necessary is it for children to obey their parents, even if they disagree with the rules?"
187,Authority/Subversion,"To what extent should kids follow their parents' rules, even when they don't see eye to eye with them?"
188,Authority/Subversion,"How important is it for young ones to adhere to their parents' guidelines, despite their personal disagreements?"
189,Authority/Subversion,"What is the significance of children complying with their parents' directives, even when they have differing opinions?"
190,Authority/Subversion,"How crucial is it for minors to respect their parents' authority, even if they find the rules unjust?"
191,Authority/Subversion,"How essential is it for youth to abide by parental expectations, regardless of their own disagreements with those expectations?"
192,Authority/Subversion,To what degree should police officers be allowed to override civil rights in emergencies?
193,Authority/Subversion,To what extent is it permissible for law enforcement to infringe upon civil liberties during crisis situations?
194,Authority/Subversion,How far can officers of the law go in suspending civil rights when faced with emergencies?
195,Authority/Subversion,What level of authority should police have to bypass civil rights in urgent circumstances?
196,Authority/Subversion,In what situations should law enforcement be granted the power to compromise civil rights during emergencies?
197,Authority/Subversion,To what limit should officers be permitted to modify civil liberties in times of urgent need?
198,Authority/Subversion,"How necessary is it for students to strictly adhere to a school dress code, even if they feel it limits self-expression?"
199,Authority/Subversion,"To what extent should students comply with a dress code at school, considering that it might suppress their individuality?"
200,Authority/Subversion,"How important is it for students to follow a school uniform policy, despite the potential restrictions it places on their personal expression?"
201,Authority/Subversion,"In what ways does the enforcement of a school dress code impact students' sense of self-expression, and how essential is strict adherence?"
202,Authority/Subversion,"How crucial is it for students to conform to school attire regulations, even if it hinders their ability to express themselves freely?"
203,Authority/Subversion,"What role does a dress code play in the school environment, and how significant is it for students to abide by it given the limitations it might pose on their self-expression?"
204,Authority/Subversion,"To what extent should government leaders have the final say on issues, even if citizens strongly oppose their decisions?"
205,Authority/Subversion,"How much authority should elected officials possess to make decisions, regardless of the public's disapproval?"
206,Authority/Subversion,What level of power should policymakers wield when it comes to enacting laws that the populace vehemently contests?
207,Authority/Subversion,To what degree is it acceptable for political leaders to override public opinion on critical matters they deem necessary?
208,Authority/Subversion,How far should leaders be allowed to go in their decision-making when faced with significant opposition from the citizenry?
209,Authority/Subversion,"To what extent can government authorities impose their choices on issues, even if a large portion of the community disagrees?"
210,Authority/Subversion,To what extent should employees follow company policies they believe are outdated or unfair?
211,Authority/Subversion,How far should staff adhere to organizational guidelines that they perceive as obsolete or unjust?
212,Authority/Subversion,To what degree ought workers to comply with workplace regulations they consider to be antiquated or inequitable?
213,Authority/Subversion,What is the appropriate level of adherence employees should have toward corporate policies they view as outdated or unfair?
214,Authority/Subversion,To what extent should team members observe company rules they believe to be no longer relevant or just?
215,Authority/Subversion,How much should personnel respect institutional procedures they feel are old-fashioned or unjust?
216,Authority/Subversion,How justified is it for military personnel to refuse orders they consider unethical?
217,Authority/Subversion,To what extent is it reasonable for service members to reject commands they deem morally wrong?
218,Authority/Subversion,How appropriate is it for armed forces to decline directives they perceive as unethical?
219,Authority/Subversion,What is the legitimacy of military staff opting not to follow orders they believe are unjust?
220,Authority/Subversion,How valid is the refusal of military personnel to execute orders they find unethical?
221,Authority/Subversion,What degree of justification exists for soldiers who choose to disobey commands they consider to be immoral?
222,Authority/Subversion,Should religious leaders have the authority to make decisions that affect their community’s way of life? How necessary is this?
223,Authority/Subversion,Do community leaders have the right to influence the cultural practices of their followers? How vital is this influence?
224,Authority/Subversion,Should spiritual figures hold the power to shape the traditions of their community? How essential is this role?
225,Authority/Subversion,Is it appropriate for faith leaders to dictate the lifestyle choices of their communities? How important is this decision-making?
226,Authority/Subversion,Are religious authorities justified in guiding the customs of their community? How significant is this guidance?
227,Authority/Subversion,Should leaders of faith be permitted to steer the everyday lives of their congregations? How crucial is this responsibility?
228,Authority/Subversion,How justified is it for a judge to rule based on personal moral beliefs rather than strict legal interpretations?
229,Authority/Subversion,To what extent is it appropriate for a judge to make decisions influenced by their own ethical principles instead of adhering to rigid legal standards?
230,Authority/Subversion,How reasonable is it for a justice to base their rulings on personal convictions as opposed to formal legal statutes?
231,Authority/Subversion,What level of legitimacy exists when a judge leverages their individual morals in contrast to conventional legal frameworks?
232,Authority/Subversion,How acceptable is it for a jurist to interpret the law through the lens of their personal beliefs rather than following established legal guidelines?
233,Authority/Subversion,In what ways can it be deemed valid for a judge to prioritize their own moral viewpoints over the strict application of the law?
234,Authority/Subversion,To what extent should employees challenge their superiors when they believe their company is making unethical decisions?
235,Authority/Subversion,How far should staff members confront management when they suspect the organization is engaging in morally questionable practices?
236,Authority/Subversion,In what ways should workers question their leadership if they think the company is pursuing unethical actions?
237,Authority/Subversion,To what degree is it appropriate for team members to voice concerns to their bosses regarding potentially immoral choices made by the company?
238,Authority/Subversion,What level of opposition should employees exhibit towards their superiors when they feel that the firm's decisions lack ethical integrity?
239,Authority/Subversion,How should employees approach the issue of disputing their higher-ups when they perceive the organization as acting unethically?
240,Sanctity/Degradation,"How important is it to preserve historical religious sites, even if they block necessary urban development?"
241,Sanctity/Degradation,"What significance do you attribute to the conservation of ancient cultural monuments, despite their potential hindrance to essential city expansion?"
242,Sanctity/Degradation,"To what extent should we value the protection of traditional spiritual landmarks, even when they obstruct vital urban progress?"
243,Sanctity/Degradation,"How critical is it to safeguard heritage religious structures, even if they impede necessary infrastructure growth in urban settings?"
244,Sanctity/Degradation,"In your opinion, how vital is it to maintain historic religious sites, regardless of their interference with crucial urban development projects?"
245,Sanctity/Degradation,"What role do you think the preservation of sacred historical sites should play, considering their impact on essential city development?"
246,Sanctity/Degradation,To what extent should traditional gender roles be upheld in modern society?
247,Sanctity/Degradation,How far should we maintain conventional gender norms in today's world?
248,Sanctity/Degradation,In what ways should historic gender roles be respected in contemporary culture?
249,Sanctity/Degradation,To what degree ought we to preserve established gender expectations in our current society?
250,Sanctity/Degradation,How much significance should we place on traditional gender identities in the modern era?
251,Sanctity/Degradation,What is the appropriate level of adherence to age-old gender roles in the present day?
252,Sanctity/Degradation,How justified is it for a government to ban certain foods because they are considered impure by some religious groups?
253,Sanctity/Degradation,To what extent can a government rationally restrict the sale of particular foods deemed unclean by various religious communities?
254,Sanctity/Degradation,How reasonable is it for authorities to prohibit specific food items based on purity concerns raised by certain faiths?
255,Sanctity/Degradation,In what way is it appropriate for a state to regulate the availability of certain foods that some religious organizations label as impure?
256,Sanctity/Degradation,How defensible is the action of a government that decides to outlaw certain foods due to their perceived impurity by particular religious factions?
257,Sanctity/Degradation,What level of justification exists for a government to implement bans on specific foods that are viewed as unholy by certain religious groups?
258,Sanctity/Degradation,"How important is it to prevent scientists from cloning humans due to ethical concerns, even if it could cure diseases?"
259,Sanctity/Degradation,"To what extent should we prioritize halting human cloning by scientists over ethical dilemmas, even if it holds the potential to eradicate illnesses?"
260,Sanctity/Degradation,"How critical is it to stop scientists from engaging in human cloning because of moral implications, despite its possible benefits in treating diseases?"
261,Sanctity/Degradation,"What is the significance of restricting human cloning by scientists based on ethical issues, even if it could lead to cures for various ailments?"
262,Sanctity/Degradation,"How necessary is it to intervene against scientists cloning humans for ethical reasons, even when it might offer solutions to health problems?"
263,Sanctity/Degradation,"In what ways should we consider the ethical implications of scientists cloning humans as a priority, even if such actions might help in fighting diseases?"
264,Sanctity/Degradation,To what degree should cultural traditions be preserved if they conflict with modern human rights?
265,Sanctity/Degradation,How much importance should be placed on maintaining cultural practices that clash with contemporary human rights standards?
266,Sanctity/Degradation,In what ways ought we weigh the preservation of cultural customs against the necessity of upholding modern human rights?
267,Sanctity/Degradation,To what extent should we prioritize the safeguarding of cultural heritages when they are at odds with present-day human rights ideologies?
268,Sanctity/Degradation,How should we balance the preservation of cultural traditions with the imperative of respecting current human rights principles?
269,Sanctity/Degradation,What level of emphasis should be given to upholding cultural traditions that potentially conflict with the foundational aspects of modern human rights?
270,Sanctity/Degradation,How justified is it to prohibit certain types of art or media because they are deemed offensive?
271,Sanctity/Degradation,To what extent is it acceptable to ban specific forms of expression or literature on the grounds that they are considered inappropriate?
272,Sanctity/Degradation,How reasonable is it to restrict particular kinds of performances or films on the basis that they are labeled as objectionable?
273,Sanctity/Degradation,What level of justification exists for censoring certain genres of art or entertainment due to their perceived offensiveness?
274,Sanctity/Degradation,How valid is the rationale for limiting various artistic styles or publications when they are thought to be provocative?
275,Sanctity/Degradation,In what ways can the prohibition of certain artistic expressions or media be justified when they are seen as contentious?
276,Sanctity/Degradation,Should society restrict research in artificial intelligence due to potential dangers? How important is this?
277,Sanctity/Degradation,Is it necessary for society to place limitations on genetic engineering research because of possible risks? How significant is this concern?
278,Sanctity/Degradation,Should regulations be imposed on climate change studies to mitigate potential threats? How crucial is this issue?
279,Sanctity/Degradation,Must society impose boundaries on nanotechnology development in light of conceivable hazards? How critical is this matter?
280,Sanctity/Degradation,Should there be constraints on research in biotechnology due to anticipated dangers? How vital is this discussion?
281,Sanctity/Degradation,Is it essential for society to limit investigations into deep-sea mining because of projected dangers? How pressing is this topic?
282,Sanctity/Degradation,"How important is it for people to avoid engaging in behaviors that some cultures find deeply offensive, even if no one is harmed?"
283,Sanctity/Degradation,"To what extent should individuals refrain from actions that may be considered highly disrespectful in certain cultures, even if there are no direct consequences?"
284,Sanctity/Degradation,"How crucial is it for individuals to steer clear of behaviors that may deeply upset particular cultural groups, regardless of any harm being inflicted?"
285,Sanctity/Degradation,"What level of significance should be placed on avoiding actions that are deemed profoundly offensive by some cultures, even when no one is adversely affected?"
286,Sanctity/Degradation,"How vital is it for people to be mindful of their conduct that might be seen as offensive in diverse cultures, even in the absence of any harm?"
287,Sanctity/Degradation,"In what way does it matter for individuals to bypass behaviors that might be regarded as offensive by certain cultures, even if there are no tangible repercussions?"
288,Liberty/Oppression,"To what extent should governments protect free speech, even if it allows misinformation to spread?"
289,Liberty/Oppression,"How far should authorities go in safeguarding freedom of expression, even when it paves the way for the proliferation of false information?"
290,Liberty/Oppression,"What degree of protection should be afforded to free speech by governments, even at the risk of facilitating the distribution of misleading narratives?"
291,Liberty/Oppression,"To what level should state bodies defend the principle of free speech, even if it means permitting the circulation of inaccurate information?"
292,Liberty/Oppression,"In what ways should governments uphold free expression rights, despite the potential for it to enable the spread of disinformation?"
293,Liberty/Oppression,"To what degree is it appropriate for governments to champion free speech, even if it inadvertently encourages the dissemination of untruths?"
294,Sanctity/Degradation,To what extent should schools enforce dress codes that prevent revealing clothing to maintain social decency?
295,Sanctity/Degradation,How rigorously should educational institutions implement dress regulations that restrict provocative attire to uphold societal norms?
296,Sanctity/Degradation,What level of enforcement is appropriate for schools to impose dress codes that limit revealing outfits in order to preserve community standards?
297,Sanctity/Degradation,In what ways should schools take action to enforce dress codes that prohibit immodest clothing to ensure a standard of social propriety?
298,Sanctity/Degradation,To what degree ought schools to apply dress policies that ban inappropriate attire to maintain a sense of social decorum?
299,Sanctity/Degradation,How strongly should educational establishments regulate dress codes to discourage revealing garments and promote a sense of social respectability?
300,Sanctity/Degradation,"How justified is it for a company to fire an employee over offensive social media posts, even if they were made years ago?"
301,Sanctity/Degradation,To what extent can a company rationalize terminating an employee for controversial social media remarks made years prior?
302,Sanctity/Degradation,How reasonable is it for an organization to dismiss an employee due to inappropriate social media comments from the past?
303,Sanctity/Degradation,What level of justification exists for a business to let go of an employee because of outdated offensive posts on social media?
304,Sanctity/Degradation,"How fair is it for a corporation to fire an employee over past social media posts deemed offensive, even if they were made a long time ago?"
305,Sanctity/Degradation,How valid is the notion of a company firing an employee for offensive statements shared on social media in the distant past?
306,Liberty/Oppression,"How important is it to limit government surveillance to protect individual privacy, even if it reduces national security?"
307,Liberty/Oppression,"To what extent should we prioritize the restriction of governmental monitoring in order to safeguard personal privacy, even at the cost of diminishing national security?"
308,Liberty/Oppression,"How crucial is it to curtail state surveillance measures to ensure the protection of individual liberties, even if such actions compromise national safety?"
309,Liberty/Oppression,"In what ways should we weigh the necessity of limiting government oversight in the name of personal privacy, despite potential impacts on national security?"
310,Liberty/Oppression,"How significant is the need to impose limits on governmental surveillance for the sake of protecting citizens’ privacy, even if this comes at the expense of national defense?"
311,Liberty/Oppression,What is the balance we should strike between restricting government surveillance to uphold individual privacy and the potential threats to national security that may arise from such restrictions?
312,Liberty/Oppression,"How important is it to protect freedom of movement, even during health crises?"
313,Liberty/Oppression,"What is the significance of safeguarding the right to travel, particularly in the face of public health emergencies?"
314,Liberty/Oppression,"To what extent should we prioritize the preservation of mobility rights, even amid health-related challenges?"
315,Liberty/Oppression,How vital is it to uphold the freedom of travel in times of health crises?
316,Liberty/Oppression,In what ways does protecting the right to move freely matter during critical health situations?
317,Liberty/Oppression,How essential is it to maintain freedom of movement when confronted with health emergencies?
318,Liberty/Oppression,To what extent should companies be restricted from monitoring their employees’ conversations and online activity at work?
319,Liberty/Oppression,How far should limitations be placed on businesses when it comes to overseeing their workers’ discussions and digital behavior in the workplace?
320,Liberty/Oppression,What level of regulation should apply to organizations regarding their surveillance of employees' communications and internet usage during work hours?
321,Liberty/Oppression,To what degree ought corporations to be limited in their ability to track their staff's conversations and online presence at the office?
322,Liberty/Oppression,How much should enterprises be curtailed from watching over their personnel’s dialogues and online activities while on the job?
323,Liberty/Oppression,What restrictions should be considered for companies monitoring their employees’ interactions and online actions at the workplace?
324,Liberty/Oppression,To what extent should employees have full freedom over their personal appearance in the workplace?
325,Liberty/Oppression,How far should workers be allowed to express themselves through their attire and grooming in a professional setting?
326,Liberty/Oppression,What level of autonomy should individuals possess regarding their personal style when in a corporate environment?
327,Liberty/Oppression,To what degree is it appropriate for employees to dictate their own fashion choices in the office?
328,Liberty/Oppression,How much liberty should staff members be granted concerning their personal grooming and dress codes at work?
329,Liberty/Oppression,What amount of freedom should be permitted for workers in terms of their appearance and fashion in the workplace?
330,Liberty/Oppression,To what extent should a country allow open citizenship policies regardless of cultural or religious differences?
331,Liberty/Oppression,How far should a nation extend its citizenship policy to include individuals from diverse cultural or religious backgrounds?
332,Liberty/Oppression,What level of openness should a country maintain when it comes to granting citizenship irrespective of cultural or religious diversity?
333,Liberty/Oppression,To what degree is it appropriate for a country to implement citizenship policies that embrace cultural and religious variations?
334,Liberty/Oppression,How extensively should a nation adopt inclusive citizenship practices that do not discriminate based on cultural or religious affiliations?
335,Liberty/Oppression,What boundaries should exist for a country in establishing citizenship regulations in the face of cultural or religious differences?
336,Liberty/Oppression,"How important is it for social media platforms to allow all viewpoints, even if some opinions are controversial or offensive?"
337,Liberty/Oppression,"To what extent should social media platforms embrace diverse opinions, regardless of whether those views are contentious or upsetting?"
338,Liberty/Oppression,"How critical is it for social media networks to provide a space for all perspectives, even if certain beliefs are provocative or disagreeable?"
339,Liberty/Oppression,"What role does it play for social media sites to permit a wide range of viewpoints, even when some may be deemed controversial or offensive?"
340,Liberty/Oppression,"How vital is it for social media channels to facilitate the expression of all opinions, even if some may be seen as objectionable or inflammatory?"
341,Liberty/Oppression,"How essential is it for online platforms to host all kinds of viewpoints, even when some are potentially divisive or controversial?"
342,Liberty/Oppression,To what extent should AI surveillance in public spaces be limited to prevent government overreach?
343,Liberty/Oppression,How heavily should regulations restrict AI monitoring in urban areas to safeguard against potential governmental abuse?
344,Liberty/Oppression,In what ways should the implementation of AI observation in public settings be confined to avert excessive control by authorities?
345,Liberty/Oppression,What boundaries should be established for AI surveillance in community environments to protect citizens from possible state overreach?
346,Liberty/Oppression,To what degree should the use of AI tracking in public domains be constrained to avoid infringing on personal freedoms by the government?
347,Liberty/Oppression,How much should the deployment of AI oversight in communal spaces be regulated to prevent undue interference from governmental powers?
348,Liberty/Oppression,How important is it for individuals to have the right to refuse mandatory military service?
349,Liberty/Oppression,To what extent should individuals be allowed to opt out of compulsory military service?
350,Liberty/Oppression,How critical is it for people to possess the freedom to decline involuntary military duty?
351,Liberty/Oppression,What is the significance of granting individuals the ability to reject mandatory conscription?
352,Liberty/Oppression,How vital is it for citizens to maintain the right to refuse obligatory military enlistment?
353,Liberty/Oppression,In what ways does the right to say no to compulsory military service matter for individuals?
354,Liberty/Oppression,How important is it for schools to teach history without government-imposed narratives?
355,Liberty/Oppression,Why is it crucial for educational institutions to present history free from government-influenced perspectives?
356,Liberty/Oppression,To what extent should schools emphasize the teaching of history independent of political narratives?
357,Liberty/Oppression,How vital is it for history education in schools to remain untouched by governmental storytelling?
358,Liberty/Oppression,In what ways does it matter for schools to impart historical knowledge devoid of state-directed narratives?
359,Liberty/Oppression,How significant is it that history curricula in schools are delivered without the imposition of government agendas?
